"country","country_long","continent"
"AND","Andorra","Europe"
"ARG","Argentina","South America"
"ARM","Armenia","Asia"
"AUS","Australia","Oceania"
"BGD","Bangladesh","Asia"
"BOL","Bolivia","South America"
"BRA","Brazil","South America"
"CAN","Canada","North America"
"CHL","Chile","South America"
"CHN","China","Asia"
"COL","Colombia","South America"
"CYP","Cyprus","Europe"
"DEU","Germany","Europe"
"ECU","Ecuador","South America"
"EGY","Egypt","Africa"
"ETH","Ethiopia","Africa"
"GRC","Greece","Europe"
"GTM","Guatemala","North America"
"HKG","Hong Kong","Asia"
"IDN","Indonesia","Asia"
"IRN","Iran","Asia"
"IRQ","Iraq","Asia"
"JOR","Jordan","Asia"
"JPN","Japan","Asia"
"KAZ","Kazakhstan","Asia"
"KEN","Kenya","Africa"
"KGZ","Kyrgyzstan","Asia"
"KOR","South Korea","Asia"
"LBN","Lebanon","Asia"
"LBY","Libya","Africa"
"MAC","Macao","Asia"
"MEX","Mexico","North America"
"MMR","Myanmar","Asia"
"MOR","Morocco","Africa"
"MYS","Malaysia","Asia"
"NGA","Nigeria","Africa"
"NIC","Nicaragua","North America"
"NZL","New Zealand","Oceania"
"PAK","Pakistan","Asia"
"PER","Peru","South America"
"PHL","Philippines","Asia"
"PRI","Puerto Rico","North America"
"ROU","Romania","Europe"
"RUS","Russia","Europe"
"SGP","Singapore","Asia"
"SRB","Serbia","Europe"
"THA","Thailand","Asia"
"TJK","Tajikistan","Asia"
"TUN","Tunisia","Africa"
"TUR","Turkey","Europe"
"TWN","Taiwan","Asia"
"UKR","Ukraine","Europe"
"USA","United States","North America"
"VEN","Venezuela","South America"
"VNM","Vietnam","Asia"
"ZWE","Zimbabwe","Africa"
"MNG","Mongolia","Asia"
