country_long,continent,B_COUNTRY_ALPHA,Q04_life_politics,Q06_life_religion
Egypt,Africa,EGY,2.00426985482494,3.97333333333333
Ethiopia,Africa,ETH,2.2062966031483,3.9260162601626
Kenya,Africa,KEN,2.45709703287891,3.80632411067194
Libya,Africa,LBY,2.43470935130581,3.97489539748954
Morocco,Africa,MOR,2.6075,3.87416666666667
Nigeria,Africa,NGA,2.75571895424837,3.92064777327935
Tunisia,Africa,TUN,2.26505016722408,3.89137645107794
Zimbabwe,Africa,ZWE,2.64784053156146,3.85843621399177
Armenia,Asia,ARM,2.28782894736842,3.60049220672682
Bangladesh,Asia,BGD,1.92367066895369,3.93233082706767
China,Asia,CHN,2.63675639747424,1.75174476570289
Hong Kong,Asia,HKG,2.4297480620155,2.16175760502173
Indonesia,Asia,IDN,2.50094996833439,3.98
Iran,Asia,IRN,2.58768406961178,3.59078771695594
Iraq,Asia,IRQ,2.26495726495727,3.8325
Japan,Asia,JPN,2.78853601859024,1.74426229508197
Jordan,Asia,JOR,2.35600335852225,3.9426433915212
Kazakhstan,Asia,KAZ,2.39064976228209,2.86162510056315
Kyrgyzstan,Asia,KGZ,2.27777777777778,3.35416666666667
Lebanon,Asia,LBN,2.31966527196653,3.53833333333333
Macao,Asia,MAC,2.46161417322835,2.18991097922849
Malaysia,Asia,MYS,2.53389185072353,3.61919268849962
Mongolia,Asia,MNG,2.55738705738706,2.2008547008547
Myanmar,Asia,MMR,2.9125,3.78833333333333
Pakistan,Asia,PAK,2.30361691288844,3.85226130653266
Philippines,Asia,PHL,3.04006677796327,3.84737281067556
Singapore,Asia,SGP,2.42334669338677,2.90124688279302
South Korea,Asia,KOR,2.64578313253012,2.29799196787149
Taiwan,Asia,TWN,2.3630417007359,2.59607522485691
Tajikistan,Asia,TJK,2.63833333333333,3.525
Thailand,Asia,THA,2.68093922651934,3.25101763907734
Vietnam,Asia,VNM,2.36333333333334,2.3625
Andorra,Europe,AND,2.05988023952096,2.03493013972056
Cyprus,Europe,CYP,2.18089430894309,3.14882772680938
Germany,Europe,DEU,2.80877537655534,2.26544021024967
Greece,Europe,GRC,2.15423302598491,3.28738512949039
Romania,Europe,ROU,1.83964544721998,3.23722044728435
Russia,Europe,RUS,2.27783964365256,2.54204545454545
Serbia,Europe,SRB,1.83687258687259,2.64403491755577
Turkey,Europe,TUR,2.64605098203092,3.47696139476961
Ukraine,Europe,UKR,2.03790322580645,2.74583333333333
Canada,North America,CAN,2.61274265803882,2.12493777999004
Guatemala,North America,GTM,2.5020341741253,3.28885272579333
Mexico,North America,MEX,2.14565342544617,3.15181138585394
Nicaragua,North America,NIC,2.27583333333333,3.465
Puerto Rico,North America,PRI,1.97493285586392,3.4795008912656
United States,North America,USA,2.62587412587412,2.7046511627907
Australia,Oceania,AUS,2.58816771970132,2.10227272727273
New Zealand,Oceania,NZL,2.52594099694812,1.96694214876033
Argentina,South America,ARG,2.19280719280719,2.6060606060606
Bolivia,South America,BOL,2.21976401179941,3.40358527131783
Brazil,South America,BRA,2.30578034682081,3.26438746438746
Chile,South America,CHL,2.05120481927711,2.58190954773869
Colombia,South America,COL,2.2171052631579,3.33223684210526
Ecuador,South America,ECU,2.25400843881857,3.31969949916528
Peru,South America,PER,2.12184571016582,3.20272206303725
Venezuela,South America,VEN,2.03697478991597,3.10420168067227
