country_long,continent,B_COUNTRY_ALPHA,variable,life_importance
Egypt,Africa,EGY,Politics,2.00426985482494
Egypt,Africa,EGY,Religion,3.97333333333333
Ethiopia,Africa,ETH,Politics,2.2062966031483
Ethiopia,Africa,ETH,Religion,3.9260162601626
Kenya,Africa,KEN,Politics,2.45709703287891
Kenya,Africa,KEN,Religion,3.80632411067194
Libya,Africa,LBY,Politics,2.43470935130581
Libya,Africa,LBY,Religion,3.97489539748954
Morocco,Africa,MOR,Politics,2.6075
Morocco,Africa,MOR,Religion,3.87416666666667
Nigeria,Africa,NGA,Politics,2.75571895424837
Nigeria,Africa,NGA,Religion,3.92064777327935
Tunisia,Africa,TUN,Politics,2.26505016722408
Tunisia,Africa,TUN,Religion,3.89137645107794
Zimbabwe,Africa,ZWE,Politics,2.64784053156146
Zimbabwe,Africa,ZWE,Religion,3.85843621399177
Armenia,Asia,ARM,Politics,2.28782894736842
Armenia,Asia,ARM,Religion,3.60049220672682
Bangladesh,Asia,BGD,Politics,1.92367066895369
Bangladesh,Asia,BGD,Religion,3.93233082706767
China,Asia,CHN,Politics,2.63675639747424
China,Asia,CHN,Religion,1.75174476570289
Hong Kong,Asia,HKG,Politics,2.4297480620155
Hong Kong,Asia,HKG,Religion,2.16175760502173
Indonesia,Asia,IDN,Politics,2.50094996833439
Indonesia,Asia,IDN,Religion,3.98
Iran,Asia,IRN,Politics,2.58768406961178
Iran,Asia,IRN,Religion,3.59078771695594
Iraq,Asia,IRQ,Politics,2.26495726495727
Iraq,Asia,IRQ,Religion,3.8325
Japan,Asia,JPN,Politics,2.78853601859024
Japan,Asia,JPN,Religion,1.74426229508197
Jordan,Asia,JOR,Politics,2.35600335852225
Jordan,Asia,JOR,Religion,3.9426433915212
Kazakhstan,Asia,KAZ,Politics,2.39064976228209
Kazakhstan,Asia,KAZ,Religion,2.86162510056315
Kyrgyzstan,Asia,KGZ,Politics,2.27777777777778
Kyrgyzstan,Asia,KGZ,Religion,3.35416666666667
Lebanon,Asia,LBN,Politics,2.31966527196653
Lebanon,Asia,LBN,Religion,3.53833333333333
Macao,Asia,MAC,Politics,2.46161417322835
Macao,Asia,MAC,Religion,2.18991097922849
Malaysia,Asia,MYS,Politics,2.53389185072353
Malaysia,Asia,MYS,Religion,3.61919268849962
Mongolia,Asia,MNG,Politics,2.55738705738706
Mongolia,Asia,MNG,Religion,2.2008547008547
Myanmar,Asia,MMR,Politics,2.9125
Myanmar,Asia,MMR,Religion,3.78833333333333
Pakistan,Asia,PAK,Politics,2.30361691288844
Pakistan,Asia,PAK,Religion,3.85226130653266
Philippines,Asia,PHL,Politics,3.04006677796327
Philippines,Asia,PHL,Religion,3.84737281067556
Singapore,Asia,SGP,Politics,2.42334669338677
Singapore,Asia,SGP,Religion,2.90124688279302
South Korea,Asia,KOR,Politics,2.64578313253012
South Korea,Asia,KOR,Religion,2.29799196787149
Taiwan,Asia,TWN,Politics,2.3630417007359
Taiwan,Asia,TWN,Religion,2.59607522485691
Tajikistan,Asia,TJK,Politics,2.63833333333333
Tajikistan,Asia,TJK,Religion,3.525
Thailand,Asia,THA,Politics,2.68093922651934
Thailand,Asia,THA,Religion,3.25101763907734
Vietnam,Asia,VNM,Politics,2.36333333333334
Vietnam,Asia,VNM,Religion,2.3625
Andorra,Europe,AND,Politics,2.05988023952096
Andorra,Europe,AND,Religion,2.03493013972056
Cyprus,Europe,CYP,Politics,2.18089430894309
Cyprus,Europe,CYP,Religion,3.14882772680938
Germany,Europe,DEU,Politics,2.80877537655534
Germany,Europe,DEU,Religion,2.26544021024967
Greece,Europe,GRC,Politics,2.15423302598491
Greece,Europe,GRC,Religion,3.28738512949039
Romania,Europe,ROU,Politics,1.83964544721998
Romania,Europe,ROU,Religion,3.23722044728435
Russia,Europe,RUS,Politics,2.27783964365256
Russia,Europe,RUS,Religion,2.54204545454545
Serbia,Europe,SRB,Politics,1.83687258687259
Serbia,Europe,SRB,Religion,2.64403491755577
Turkey,Europe,TUR,Politics,2.64605098203092
Turkey,Europe,TUR,Religion,3.47696139476961
Ukraine,Europe,UKR,Politics,2.03790322580645
Ukraine,Europe,UKR,Religion,2.74583333333333
Canada,North America,CAN,Politics,2.61274265803882
Canada,North America,CAN,Religion,2.12493777999004
Guatemala,North America,GTM,Politics,2.5020341741253
Guatemala,North America,GTM,Religion,3.28885272579333
Mexico,North America,MEX,Politics,2.14565342544617
Mexico,North America,MEX,Religion,3.15181138585394
Nicaragua,North America,NIC,Politics,2.27583333333333
Nicaragua,North America,NIC,Religion,3.465
Puerto Rico,North America,PRI,Politics,1.97493285586392
Puerto Rico,North America,PRI,Religion,3.4795008912656
United States,North America,USA,Politics,2.62587412587412
United States,North America,USA,Religion,2.7046511627907
Australia,Oceania,AUS,Politics,2.58816771970132
Australia,Oceania,AUS,Religion,2.10227272727273
New Zealand,Oceania,NZL,Politics,2.52594099694812
New Zealand,Oceania,NZL,Religion,1.96694214876033
Argentina,South America,ARG,Politics,2.19280719280719
Argentina,South America,ARG,Religion,2.6060606060606
Bolivia,South America,BOL,Politics,2.21976401179941
Bolivia,South America,BOL,Religion,3.40358527131783
Brazil,South America,BRA,Politics,2.30578034682081
Brazil,South America,BRA,Religion,3.26438746438746
Chile,South America,CHL,Politics,2.05120481927711
Chile,South America,CHL,Religion,2.58190954773869
Colombia,South America,COL,Politics,2.2171052631579
Colombia,South America,COL,Religion,3.33223684210526
Ecuador,South America,ECU,Politics,2.25400843881857
Ecuador,South America,ECU,Religion,3.31969949916528
Peru,South America,PER,Politics,2.12184571016582
Peru,South America,PER,Religion,3.20272206303725
Venezuela,South America,VEN,Politics,2.03697478991597
Venezuela,South America,VEN,Religion,3.10420168067227
