country_long,continent,Q04_life_politics,Q06_life_religion
Egypt,Africa,2.004,3.973
Ethiopia,Africa,2.206,3.926
Kenya,Africa,2.457,3.806
Libya,Africa,2.435,3.975
Morocco,Africa,2.607,3.874
Nigeria,Africa,2.756,3.921
Tunisia,Africa,2.265,3.891
Zimbabwe,Africa,2.648,3.858
Armenia,Asia,2.288,3.6
Bangladesh,Asia,1.924,3.932
China,Asia,2.637,1.752
Hong Kong,Asia,2.43,2.162
Indonesia,Asia,2.501,3.98
Iran,Asia,2.588,3.591
Iraq,Asia,2.265,3.832
Japan,Asia,2.789,1.744
Jordan,Asia,2.356,3.943
Kazakhstan,Asia,2.391,2.862
Kyrgyzstan,Asia,2.278,3.354
Lebanon,Asia,2.32,3.538
Macao,Asia,2.462,2.19
Malaysia,Asia,2.534,3.619
Mongolia,Asia,2.557,2.201
Myanmar,Asia,2.912,3.788
Pakistan,Asia,2.304,3.852
Philippines,Asia,3.04,3.847
Singapore,Asia,2.423,2.901
South Korea,Asia,2.646,2.298
Taiwan,Asia,2.363,2.596
Tajikistan,Asia,2.638,3.525
Thailand,Asia,2.681,3.251
Vietnam,Asia,2.363,2.363
Andorra,Europe,2.06,2.035
Cyprus,Europe,2.181,3.149
Germany,Europe,2.809,2.265
Greece,Europe,2.154,3.287
Romania,Europe,1.84,3.237
Russia,Europe,2.278,2.542
Serbia,Europe,1.837,2.644
Turkey,Europe,2.646,3.477
Ukraine,Europe,2.038,2.746
Canada,North America,2.613,2.125
Guatemala,North America,2.502,3.289
Mexico,North America,2.146,3.152
Nicaragua,North America,2.276,3.465
Puerto Rico,North America,1.975,3.48
United States,North America,2.626,2.705
Australia,Oceania,2.588,2.102
New Zealand,Oceania,2.526,1.967
Argentina,South America,2.193,2.606
Bolivia,South America,2.22,3.404
Brazil,South America,2.306,3.264
Chile,South America,2.051,2.582
Colombia,South America,2.217,3.332
Ecuador,South America,2.254,3.32
Peru,South America,2.122,3.203
Venezuela,South America,2.037,3.104
